{"name": 1,  "m": 0.00343, "v0": 900,  "SKO_R": 1, "SKO_theta": 0.01, "SKO_Vr": 0.05, "r": 0.00545, "l": 0.0143, "d": 0.00564, "eta": 0.32}
{"name": 2,  "m": 0.0096, "v0": 830,  "SKO_R": 1, "SKO_theta": 0.01, "SKO_Vr": 0.05, "r": 0.00762, "l": 0.0323, "d": 0.00792, "eta": 0.32}
{"name": 3, "m": 3.1485, "v0": 190,   "SKO_R": 1, "SKO_theta": 0.1, "SKO_Vr": 0.05, "r": 0.082, "l": 0.32893, "d": 0.08128, "eta": 0}
{"name": 4,  "m": 46.2, "v0": 690,   "SKO_R": 1, "SKO_theta": 0.1, "SKO_Vr": 0.1, "r": 0.122, "l": 0.531, "d": 0.122, "eta": 0}
{"name": 5, "m": 25.56, "v0": 680,   "SKO_R": 1, "SKO_theta": 0.1, "SKO_Vr": 0.1, "r": 0.122, "l": 0.531, "d": 0.122, "eta": 0}
{"name": 6, "m": 43.33, "v0": 640,   "SKO_R": 5, "SKO_theta": 0.1, "SKO_Vr": 0.1, "r": 0.152, "l": 0.864, "d": 0.152, "eta": 0}
{"name": 7,  "m": 43.56, "v0": 640,  "SKO_R": 5, "SKO_theta": 0.1, "SKO_Vr": 0.1, "r": 0.152, "l": 0.864, "d": 0.152, "eta": 0}
