{"name": 1, "lin_kv": 2, "m": 0.00343, "k0": 6e-06, "v0": 900, "dR": 5, "SKO_R": 1, "SKO_theta": 0.00017453292519943296, "SKO_Vr": 0.05, "l": 0.0143, "d": 0.00564, "h": 0.4, "mu": 0.4, "i": 0.55, "eta": 0.2, "k_bounds": [4e-06, 7e-06], "v0_bounds": [300, 850], "dR_bounds": [-70, 70], "angle_bounds": [0.17453292519943295, 0.6108652381980153], "ksi_Vr": 200.0, "n1": 1.0, "n2": 0.1, "ksi_theta": 1, "theta_n1": 0.005}
{"name": 2, "lin_kv": 2, "m": 0.0096, "k0": 1.4e-05, "v0": 830, "dR": 5, "SKO_R": 1, "SKO_theta": 0.00017453292519943296, "SKO_Vr": 0.05, "l": 0.0323, "d": 0.00792, "h": 0.4, "mu": 0.4, "i": 0.55, "eta": 0.32, "k_bounds": [1e-06, 5e-05], "v0_bounds": [300, 900], "dR_bounds": [-70, 70], "angle_bounds": [0.08726646259971647, 0.6108652381980153], "ksi_Vr": 200.0, "n1": 1.0, "n2": 0.1, "ksi_theta": 1, "theta_n1": 0.005}
{"name": 3, "lin_kv": 1, "m": 3.1485, "k0": 0.07, "v0": 216, "dR": 5, "SKO_R": 1, "SKO_theta": 0.005235987755982988, "SKO_Vr": 0.05, "l": 0.32893, "d": 0.08128, "h": 0, "mu": 0, "i": 0.55, "eta": 0, "k_bounds": [0.03, 0.5], "v0_bounds": [100, 200], "dR_bounds": [-65, 65], "angle_bounds": [0.0, 1.2217304763960306], "ksi_Vr": 3.0, "n1": 2.5, "n2": 0.25, "ksi_theta": 0.002, "theta_n1": 0.0001}
{"name": 4, "lin_kv": 2, "m": 46.2, "k0": 0.0022, "v0": 690, "dR": 4, "SKO_R": 1, "SKO_theta": 0.08726646259971647, "SKO_Vr": 0.1, "l": 2.870, "d": 0.122, "h": 0, "mu": 0, "i": 0.903, "eta": 0, "k_bounds": [1e-05, 0.01], "v0_bounds": [0, 800], "dR_bounds": [-70, 70], "angle_bounds": [-0.349065850398866, 1.0471975511965976], "ksi_Vr": 20.0, "n1": 2.5, "n2": 0.1, "ksi_theta": 0.06, "theta_n1": 0.008}
{"name": 5, "lin_kv": 2, "m": 25.56, "k0": 0.0022, "v0": 687, "dR": 1, "SKO_R": 1, "SKO_theta": 0.08726646259971647, "SKO_Vr": 0.1, "l": 0.531, "d": 0.122, "h": 0, "mu": 0, "i": 1.047, "eta": 0, "k_bounds": [1e-05, 0.008], "v0_bounds": [0, 1200], "dR_bounds": [-70, 70], "angle_bounds": [-1.2217304763960306, 1.0471975511965976], "ksi_Vr": 20.0, "n1": 2.5, "n2": 0.1, "ksi_theta": 0.06, "theta_n1": 0.008}
{"name": 6, "lin_kv": 2, "m": 43.56, "k0": 0.004, "v0": 651, "dR": 5, "SKO_R": 5, "SKO_theta": 0.005235987755982988, "SKO_Vr": 0.05, "l": 0.864, "d": 0.152, "h": 0, "mu": 0, "i": 0.55, "eta": 0, "k_bounds": [[0.004, 0.005],[0.001, 0.004]], "v0_bounds": [[350, 635],[200, 450]], "dR_bounds": [[-65, 65], [-65, 65]], "angle_bounds": [[0.4363323129985824, 0.8726646259971647], [-0.17453292519943295, 0.6108652381980153]], "ksi_Vr": 20.0, "n1": 2.5, "n2": 0.1, "ksi_theta": 0.06, "theta_n1": 0.008}
{"name": 7, "lin_kv": 2, "m": 43.56, "k0": 0.004, "v0": 667, "dR": 5, "SKO_R": 5, "SKO_theta": 0.0017453292519943296, "SKO_Vr": 0.1, "l": 0.864, "d": 0.152, "h": 0, "mu": 0, "i": 0.55, "eta": 0, "k_bounds": [0.001, 0.0055], "v0_bounds": [270, 635], "dR_bounds": [-70, 70], "angle_bounds": [0, 0.8726646259971647], "ksi_Vr": 20.0, "n1": 2.5, "n2": 0.1, "ksi_theta": 0.06, "theta_n1": 0.008}
