{"loc_B":56.289030555555556,"loc_L":43.073361111111112,"loc_H":104.98,"can_B":56.289327777777778,"can_L":43.073330555555557,"can_H":107.98999999999999,"alpha":40,"az":0,"hei":0,"wind_module":0,"wind_direction":0,"temperature":0,"atm_pressure":0,"bullet_type":7}